so_xe,Giá TB (triệu),Năm SX TB,Km TB,Giá Min (triệu),Giá Max (triệu),Phân khúc
972,333.60425525514404,2012.5298353909466,109089.83950617284,6.2,1260.0,"Xe cũ, giá rẻ"
204,1936.0049019460785,2021.0196078431372,35300.77450980392,1269.0,3250.0,"Xe mới, cao cấp"
1661,593.4049968615292,2020.8976520168574,39144.10535821794,10.0,1265.0,Xe tầm trung
